Emp ID,First Name,Last Name,DOB,SSN,State
214,Sarah,Simpson,12/04/1985,***-**-8166,FL
15,Samantha,Lara,09/08/1993,***-**-7526,CO
411,Stacy,Charles,12/20/1957,***-**-8526,PA
166,Michelle,Roy,07/29/1978,***-**-3944,MI
39,Joseph,Rogers,03/28/1985,***-**-3515,MN
423,Erica,Hines,10/13/1975,***-**-6153,NY
192,Zoe,Patel,12/20/1967,***-**-0817,WI
162,Matthew,Harvey,01/20/1990,***-**-0346,TN
131,Shawn,Davis,07/21/1961,***-**-1581,WV
20,April,Baldwin,08/07/1961,***-**-2014,MO
246,Vincent,Daniels,01/06/1972,***-**-2754,MT
525,Ann,Fields,08/22/1960,***-**-7911,IA
392,Jeffrey,Pearson,05/05/1979,***-**-2578,IL
474,Heather,Johnson,09/23/1989,***-**-0904,GA
478,Melissa,Fletcher,03/14/1979,***-**-6881,RI
101,Kimberly,Alvarez,09/04/1984,***-**-8680,LA
52,Monica,Jimenez,04/08/1988,***-**-1668,ND
182,Steven,Johnson,05/28/1962,***-**-7070,NE
637,Sarah,Wood,06/15/1972,***-**-6715,FL
510,Jesus,Petersen,03/28/1958,***-**-0770,OK
122,Rhonda,Rosales,04/10/1963,***-**-0286,AL
294,Nicole,Richardson,09/09/1981,***-**-5228,LA
327,Jennifer,Mendez,07/20/1977,***-**-1994,OR
145,Sandra,Petty,01/30/1981,***-**-7629,NC
565,Michael,Hester,04/13/1987,***-**-6836,SD
590,Joseph,Brown,08/28/1982,***-**-4744,NH
340,Michelle,Cooper,08/23/1993,***-**-2306,WA
176,Barbara,Wise,12/15/1991,***-**-7662,IN
63,Carol,Rosales,07/20/1984,***-**-4907,NJ
121,Mark,Villa,02/24/1969,***-**-2207,MS
70,Russell,Orozco,09/16/1973,***-**-5514,MS
446,Michelle,Sanchez,08/21/1994,***-**-5222,OK
156,Briana,Ayala,10/31/1965,***-**-4542,CT
343,Shane,Roberts,12/14/1958,***-**-6030,HI
599,Cassandra,Morris,01/24/1973,***-**-3831,MT
102,Krista,Thompson,07/25/1984,***-**-7445,KY
377,Jon,Bennett,09/13/1957,***-**-1689,NM
240,April,Thomas,12/03/1993,***-**-3580,CO
455,Haley,Martinez,01/15/1968,***-**-3736,ID
503,Isaac,Stafford,11/25/1989,***-**-5036,SD
269,John,Martinez,01/06/1987,***-**-3936,NH
219,John,Phillips,12/08/1982,***-**-4070,WV
301,Gary,Shelton,09/11/1978,***-**-9672,SD
84,Amanda,Gordon,10/12/1969,***-**-2966,ME
588,Jessica,Holt,09/12/1963,***-**-6084,NE
540,Stephanie,Estes,07/15/1966,***-**-9779,SD
329,Jessica,Brown,02/01/1992,***-**-7328,MS
74,Donna,Manning,05/19/1973,***-**-7781,NM
29,Nicholas,Owens,08/20/1991,***-**-7882,VA
92,Wendy,Ryan,05/13/1960,***-**-0741,AZ
489,Kimberly,Hooper,09/08/1971,***-**-3136,GA
561,Deborah,Gonzalez,05/28/1975,***-**-0643,MT
44,Laura,Yoder,04/18/1987,***-**-3016,IN
138,Kimberly,Velez,03/07/1958,***-**-0707,AZ
623,Kevin,Garcia,05/15/1973,***-**-4337,OK
173,Marcia,Jones,11/20/1972,***-**-0963,ND
148,Nicole,Baldwin,08/11/1978,***-**-5508,NV
184,Katherine,Juarez,02/13/1986,***-**-8687,CA
228,Paula,Thompson,09/22/1985,***-**-7734,NC
117,Joan,Hoover,02/27/1973,***-**-5429,NM
544,Stephen,Simon,11/28/1962,***-**-1621,NV
116,Rebecca,Taylor,09/30/1962,***-**-9126,MN
622,Lindsay,Owens,04/28/1973,***-**-6742,DE
376,Justin,Payne,07/03/1983,***-**-7892,AK
100,Michelle,Thornton,01/25/1961,***-**-4112,GA
222,Timothy,Hill,08/11/1985,***-**-4460,SC
506,Karen,Johnson,01/05/1976,***-**-5174,OH
59,Alexis,Mcintosh,03/01/1962,***-**-9185,KY
456,Susan,Fitzgerald,09/18/1961,***-**-3222,AL
389,Amber,Stewart,08/26/1958,***-**-3120,OH
236,Taylor,Evans,07/17/1983,***-**-2641,NJ
78,Tracy,Knight,09/27/1993,***-**-8339,ID
253,Jason,Parks,02/27/1981,***-**-2601,AZ
67,Jonathan,Carroll,06/15/1973,***-**-7126,SC
642,Sara,Wallace,06/21/1959,***-**-6918,MS
279,Jeffrey,Mitchell,05/23/1969,***-**-4559,UT
41,April,West,03/11/1986,***-**-9544,DE
30,Ryan,Reynolds,02/05/1973,***-**-2883,IN
462,Rachel,Bell,07/24/1989,***-**-1379,AL
87,Amber,Williamson,06/20/1984,***-**-4567,LA
26,Tony,Park,10/08/1968,***-**-7749,UT
553,Robert,Jefferson,10/04/1981,***-**-6302,OH
151,Sarah,Hernandez,07/05/1987,***-**-5549,WY
523,Margaret,Foley,12/19/1968,***-**-4633,CA
434,Tina,Christensen,03/01/1988,***-**-0333,TN
1,Isaac,Gomez,10/16/1987,***-**-4728,WY
365,Phillip,Davis,04/24/1961,***-**-5132,VT
230,Brian,Douglas,09/18/1979,***-**-9324,NV
357,Teresa,Wilson,08/12/1994,***-**-9378,IN
142,Timothy,Wilson,11/21/1993,***-**-1270,WV
606,Lori,Davies,08/21/1980,***-**-9489,AK
129,Brittany,Stone,11/21/1985,***-**-0950,CO
34,Matthew,Rogers,03/09/1974,***-**-2560,CA
190,Francisco,Gardner,08/18/1972,***-**-0367,WI
259,Ashley,Patrick,12/06/1979,***-**-7953,OR
471,Brandi,Frey,07/23/1979,***-**-2997,MD
362,Garrett,Kelley,12/20/1974,***-**-1192,PA
620,Robert,Barron,04/19/1985,***-**-0735,NE
299,Lee,Serrano,06/19/1967,***-**-0867,WV
213,Jessica,Vance,04/30/1959,***-**-9076,DE
427,Russell,Ashley,02/15/1973,***-**-2395,OH
105,Catherine,Richardson,10/03/1989,***-**-2969,WY
260,Sheri,Hamilton,03/12/1986,***-**-9319,NH
547,Craig,Strickland,02/27/1968,***-**-3498,ND
28,Brandon,Hall,09/30/1969,***-**-6416,AK
486,Karla,Adams,11/18/1962,***-**-7524,VT
300,Ernest,Washington,07/15/1990,***-**-9800,FL
501,John,Owens,05/15/1989,***-**-7554,MT
584,Roberto,Farmer,05/04/1968,***-**-3936,LA
453,Tom,Bailey,01/24/1980,***-**-1663,IA
16,Jennifer,White,01/17/1966,***-**-1698,MI
185,Courtney,Mendez,11/25/1961,***-**-8268,NE
223,Jasmine,Miller,05/13/1971,***-**-2427,MD
290,Amy,Bryan,06/24/1969,***-**-2636,CA
71,Melvin,Pruitt,05/06/1994,***-**-4970,AK
73,Amanda,Carrillo,10/25/1957,***-**-8942,MS
549,Anthony,Nguyen,03/10/1987,***-**-6484,ND
359,Kaitlyn,Charles,11/23/1965,***-**-7712,NH
631,Rebecca,Pollard,03/17/1977,***-**-9010,FL
585,James,Jackson,09/02/1987,***-**-8491,ME
641,Gina,Jones,02/05/1964,***-**-3596,HI
564,Tyler,Woodward,05/06/1983,***-**-7298,KS
149,Hannah,Schultz,12/28/1984,***-**-7228,NY
430,Anthony,Sims,04/20/1976,***-**-1311,CT
587,Jessica,Wallace,05/02/1981,***-**-7152,WI
420,Jonathan,Pearson,01/03/1980,***-**-7840,VT
625,Richard,Hunt,09/17/1987,***-**-9513,IN
319,Madison,Ballard,03/11/1966,***-**-3750,DE
18,Kathryn,Blair,08/07/1993,***-**-8028,GA
535,Kristina,Patterson,03/28/1958,***-**-5885,CT
417,Kathryn,Bryant,04/09/1957,***-**-8017,CO
391,Jerry,Ayala,03/02/1982,***-**-9737,WA
274,Karen,Rodriguez,07/30/1994,***-**-3813,CT
270,Daniel,Jacobs,04/24/1972,***-**-6724,TX
537,Stephanie,Campbell,08/30/1968,***-**-3547,TN
341,Michael,Pacheco,04/29/1977,***-**-6378,LA
402,Steven,Garcia,04/01/1991,***-**-9437,MT
476,Brenda,Hall,07/15/1957,***-**-7869,TX
367,Rhonda,Smith,06/27/1969,***-**-5595,ME
407,Tracy,Francis,01/26/1960,***-**-8950,VT
280,Dawn,Fernandez,04/14/1981,***-**-9216,NE
524,Matthew,Wells,08/29/1958,***-**-2780,FL
57,Joel,Walker,09/20/1979,***-**-6637,FL
312,Paula,Shea,08/15/1978,***-**-1746,OH
649,Paul,Bell,05/23/1976,***-**-7411,WI
488,Frederick,Roberson,01/02/1978,***-**-0114,MI
139,Melissa,Armstrong,03/17/1959,***-**-9454,OR
412,Jennifer,Alexander,01/15/1969,***-**-9026,AK
5,Cassandra,Perez,09/02/1986,***-**-1151,IL
153,Anthony,Austin,12/17/1965,***-**-9162,WI
321,Cynthia,Jones,08/11/1976,***-**-3428,RI
541,Oscar,Bernard,04/07/1990,***-**-5243,IL
406,Amanda,Hendrix,11/19/1980,***-**-7721,AR
204,Vincent,Henry,08/22/1961,***-**-5624,UT
567,Lauren,Bush,12/19/1976,***-**-3299,GA
187,Stacey,Bates,06/17/1961,***-**-1470,CA
460,Amanda,Khan,04/16/1971,***-**-9388,NE
212,Amanda,Sutton,12/07/1973,***-**-2368,AR
617,Joshua,Li,03/20/1992,***-**-6050,ID
353,Becky,Kennedy,04/05/1987,***-**-4807,MI
383,Laura,Espinoza,09/04/1978,***-**-5712,FL
91,Joshua,Murphy,12/31/1970,***-**-7318,WI
429,Randall,Bowen,04/11/1969,***-**-0666,TX
40,Michelle,Pham,07/31/1979,***-**-2595,SC
298,Emily,Thomas,07/10/1974,***-**-6906,RI
400,Jessica,Kelley,12/15/1976,***-**-4271,KY
480,Jeffrey,Brown,12/23/1968,***-**-7392,WA
375,Jennifer,Keith,11/24/1990,***-**-2614,AR
626,Joshua,Romero,10/14/1979,***-**-4169,NM
97,Frank,Walker,12/13/1976,***-**-5611,AZ
291,Cody,Lindsey,01/29/1965,***-**-8099,AL
614,Cody,Baker,03/09/1979,***-**-5896,VT
552,Jaclyn,Wall,12/13/1985,***-**-5336,SD
338,Kaitlyn,Roy,06/15/1965,***-**-0939,MN
513,Allison,Lee,04/04/1994,***-**-8932,UT
231,Heather,Patterson,06/08/1969,***-**-2886,WV
443,Carrie,Thomas,08/08/1980,***-**-8236,MA
140,David,Gutierrez,08/14/1967,***-**-9234,NE
96,Harold,Robinson,08/20/1965,***-**-7098,NM
531,Alex,Graham,11/27/1978,***-**-6911,KY
403,Steven,Thompson,01/01/1978,***-**-0637,NJ
580,Barbara,Martin,11/11/1971,***-**-5120,NE
113,Theresa,Cochran,02/23/1976,***-**-2404,IA
289,Michael,Madden,09/05/1964,***-**-2946,CO
247,Brian,Chase,05/01/1989,***-**-3628,AZ
472,Carolyn,Rodriguez,11/16/1962,***-**-2185,RI
582,Breanna,Williams,06/03/1994,***-**-8593,NC
265,Anne,Cook,11/11/1981,***-**-8560,NY
281,Tara,Bowers,09/22/1975,***-**-7048,NY
330,Joyce,Hall,10/10/1980,***-**-4819,VA
372,Sydney,George,01/24/1959,***-**-8264,FL
628,Lindsay,Williams,09/19/1977,***-**-4792,NV
445,Darrell,Thomas,03/14/1986,***-**-2653,UT
316,Thomas,Knight,08/07/1965,***-**-2441,NJ
499,Carolyn,Diaz,04/20/1991,***-**-2117,DE
528,Karen,Ball,04/13/1986,***-**-9411,ND
242,Ronald,Richardson,04/20/1988,***-**-6742,GA
632,Donna,Williams,09/01/1986,***-**-3144,MS
313,Molly,Wright,02/23/1991,***-**-7938,WA
89,Jeffrey,Mcintyre,06/02/1974,***-**-8359,KS
130,Tabitha,Parks,01/19/1975,***-**-8386,IA
3,Melissa,Padilla,12/08/1982,***-**-9382,MT
586,George,Harris,11/15/1979,***-**-2111,AZ
355,Cheryl,Hancock,09/03/1993,***-**-2522,ID
532,Jeffrey,Paul,01/12/1972,***-**-0457,MT
326,Wendy,Jones,04/20/1979,***-**-4078,NY
225,Elizabeth,Johnson,12/01/1981,***-**-8375,AR
191,Charles,Green,05/22/1990,***-**-9288,SC
444,Jeffrey,Cooper,12/14/1970,***-**-7671,MD
490,Judith,Brooks,01/25/1971,***-**-6779,IN
609,Amanda,Ramsey,04/10/1971,***-**-2683,SC
47,Stephen,Oliver,12/27/1984,***-**-5500,CA
508,Nancy,Rodriguez,02/13/1988,***-**-1027,MD
388,Joshua,Powers,05/13/1971,***-**-4897,FL
331,Lisa,Stein,02/07/1980,***-**-2075,CA
264,Jessica,Martin,08/18/1967,***-**-8568,NV
589,George,Hardy,04/17/1990,***-**-4162,NM
278,Jonathan,Carney,11/08/1990,***-**-0506,CO
526,Carol,Robertson,02/01/1959,***-**-6248,IL
205,Susan,Zhang,03/18/1983,***-**-5874,CT
199,Christopher,Cameron,08/30/1969,***-**-1053,NY
550,Paul,Ramsey,05/14/1990,***-**-6565,MD
103,David,Torres,03/26/1971,***-**-5176,MS
465,Barbara,Roberts,10/22/1993,***-**-9440,KS
348,Nicholas,Dunn,05/22/1985,***-**-1196,MD
158,John,Long,10/09/1966,***-**-8394,NE
361,Shelby,Porter,01/09/1992,***-**-7391,ME
610,Judith,Robinson,08/29/1973,***-**-3792,FL
235,Justin,Holt,09/19/1969,***-**-2854,WY
442,Laura,Valdez,09/14/1988,***-**-2068,IL
215,Jesse,Rosales,12/29/1989,***-**-0642,WV
17,Amy,Duran,04/02/1992,***-**-5581,MN
363,Joshua,Williams,11/06/1976,***-**-1375,IN
438,Robert,Davis,03/28/1986,***-**-0776,NE
111,Lisa,Houston,06/27/1966,***-**-5946,OH
396,Timothy,Williams,11/27/1978,***-**-5842,IL
255,Kim,Finley,03/09/1973,***-**-6351,SC
226,Andrew,Lopez,06/11/1962,***-**-7248,TN
652,Veronica,Herrera,10/22/1958,***-**-4723,IA
64,Bob,Murphy,01/14/1982,***-**-8100,SD
415,Timothy,Duncan,09/25/1977,***-**-7493,IN
354,David,Sandoval,11/26/1985,***-**-6963,WV
517,Tony,Graves,10/19/1980,***-**-5360,ID
292,Andrea,Fuller,07/17/1981,***-**-0698,WA
579,William,Carney,06/16/1974,***-**-3440,WY
181,Daniel,Dominguez,11/15/1992,***-**-9595,KY
556,David,Franco,10/30/1983,***-**-2451,NY
351,Justin,Ortiz,01/29/1961,***-**-6761,AK
405,Sara,Jarvis,07/23/1964,***-**-3953,WV
647,Adam,Green,05/09/1988,***-**-5674,TN
646,Debra,Flores,04/02/1969,***-**-7111,KS
79,Jennifer,Adams,12/04/1988,***-**-1210,RI
371,Lori,Sosa,06/14/1988,***-**-7062,MI
542,Cory,Mora,03/27/1985,***-**-0325,NV
261,Denise,Hughes,09/20/1966,***-**-7879,UT
368,Anthony,Jenkins,09/05/1957,***-**-0437,MA
439,Leonard,Soto,10/17/1986,***-**-1991,NE
82,Donald,Todd,07/16/1960,***-**-6930,MI
431,Christopher,Long,08/24/1979,***-**-2737,VT
155,Donald,Pierce,02/27/1976,***-**-1562,NJ
189,Matthew,Sullivan,02/25/1986,***-**-6697,MS
393,Brianna,Stevens,06/11/1965,***-**-4666,MT
451,Jacqueline,Villegas,02/13/1981,***-**-8948,SC
22,Mary,Diaz,02/18/1964,***-**-8701,GA
470,Steven,Taylor,12/01/1985,***-**-1803,NH
384,Edward,Jimenez,08/19/1980,***-**-1355,KY
7,John,Joseph,01/07/1992,***-**-0413,PA
258,Jared,Fletcher,07/16/1977,***-**-9304,VT
568,Kathleen,Hill,02/04/1970,***-**-3356,NH
56,Johnny,Warner,08/16/1965,***-**-4164,NH
621,Frank,Smith,02/08/1971,***-**-1100,IL
49,Stephanie,Thompson,03/26/1957,***-**-6249,RI
397,Angela,Cannon,09/13/1992,***-**-3459,KS
36,Trevor,Robinson,04/26/1967,***-**-3462,WV
33,Gregory,Powers,05/19/1969,***-**-8879,KS
224,Michael,Sparks,11/03/1982,***-**-6809,NC
634,George,Flores,01/31/1989,***-**-0195,IA
144,Michael,Hall,01/22/1986,***-**-0161,AZ
491,Susan,Williamson,05/27/1973,***-**-0355,IN
309,Luis,Norton,05/11/1988,***-**-6955,WI
211,Victoria,Pearson,03/07/1990,***-**-5518,ND
475,Roger,Nichols,01/13/1976,***-**-4515,OR
493,Jenny,Mills,11/10/1983,***-**-1434,WI
128,Joshua,Moore,09/30/1965,***-**-8369,PA
262,James,Carr,02/25/1979,***-**-8546,AL
597,David,Lane,04/21/1974,***-**-4614,MN
325,Beth,Reese,04/30/1961,***-**-1223,PA
573,Lindsay,Thompson,09/24/1986,***-**-1306,KS
55,Amber,Taylor,04/27/1982,***-**-6610,NY
132,Oscar,Yates,04/03/1977,***-**-0620,IL
401,Anthony,Cooper,06/04/1994,***-**-2490,CA
483,Tracie,Harrison,07/01/1983,***-**-7833,DE
424,Corey,Herrera,11/08/1970,***-**-3228,OR
188,Anthony,Kim,11/04/1981,***-**-7043,WY
272,Kendra,Marshall,09/11/1967,***-**-2658,IN
545,Debbie,Chang,02/17/1993,***-**-8022,PA
193,Miranda,Simmons,03/27/1964,***-**-2359,IL
593,Catherine,Murphy,08/11/1968,***-**-6401,RI
463,Nicholas,Shelton,06/07/1984,***-**-0704,GA
334,Laura,Winters,07/05/1969,***-**-4775,GA
596,Jill,Barr,04/07/1983,***-**-7889,MN
373,Lauren,Ritter,12/26/1970,***-**-7600,KS
635,Anthony,Short,06/07/1986,***-**-6004,WY
315,Patrick,Yates,05/07/1967,***-**-4036,NC
120,Brett,Mitchell,01/20/1976,***-**-8337,WI
110,Andrea,Boone,02/05/1983,***-**-1089,CO
68,Charles,Alvarez,02/01/1993,***-**-5142,MT
14,Jeff,Garner,12/21/1978,***-**-2191,MA
200,Natalie,Williams,06/14/1971,***-**-2753,MA
62,Tracy,King,11/17/1969,***-**-0822,NC
263,Michael,Huang,02/14/1990,***-**-6162,SC
257,Ray,Miller,03/09/1968,***-**-5774,CA
61,Tracey,Powers,04/28/1976,***-**-5107,WY
107,Alexander,Moore,07/05/1992,***-**-4136,HI
322,Lisa,Fisher,01/05/1977,***-**-4670,NM
2,Tamara,Gentry,04/03/1987,***-**-7430,SC
81,Christopher,Fitzgerald,04/19/1992,***-**-7096,MA
337,Jose,Olson,01/20/1991,***-**-7256,PA
93,Carrie,Wallace,02/07/1966,***-**-8007,GA
366,Crystal,Smith,04/30/1991,***-**-6884,NY
287,Caroline,Edwards,10/20/1959,***-**-7816,NV
66,Carol,Baker,08/01/1959,***-**-8196,OR
243,Alexandra,Ward,12/27/1973,***-**-3414,AR
603,Krystal,Townsend,05/15/1990,***-**-6839,AZ
277,Melanie,Elliott,06/21/1976,***-**-2869,MN
583,Tracey,Barajas,01/09/1973,***-**-9722,AR
268,Eric,Barker,12/09/1976,***-**-2136,GA
234,Olivia,Elliott,09/15/1991,***-**-7631,NM
320,Daniel,Reed,12/24/1969,***-**-3333,NJ
461,Roberto,Pierce,07/03/1964,***-**-9982,MO
232,Lawrence,Stewart,06/15/1987,***-**-1303,MO
13,Michael,Snow,02/17/1965,***-**-2820,KS
108,Ashley,Cruz,09/09/1973,***-**-3168,MA
216,Jesus,Hobbs,12/10/1975,***-**-2648,MS
304,Jody,Riley,01/08/1978,***-**-6681,CT
94,Joseph,Scott,11/23/1993,***-**-4445,MD
171,Eric,Sullivan,01/05/1993,***-**-8141,SC
466,Christopher,Cervantes,11/09/1975,***-**-7919,VT
498,Jennifer,Leon,02/03/1959,***-**-2413,AR
180,Victor,Fuentes,12/07/1957,***-**-5844,WA
9,Christine,Marshall,12/05/1972,***-**-6538,AL
170,Amanda,Garcia,12/03/1961,***-**-1013,NJ
172,Nancy,Holloway,03/13/1983,***-**-4965,AK
46,Kimberly,Banks,07/03/1990,***-**-7861,AZ
576,Laura,King,06/04/1971,***-**-5040,AZ
11,Robert,Mendoza,04/23/1982,***-**-0627,IA
80,Jessica,Black,12/11/1981,***-**-6296,KY
77,Cynthia,Duffy,07/08/1990,***-**-0500,NC
555,Aaron,Henry,10/15/1978,***-**-3379,MI
95,Autumn,Peterson,01/02/1965,***-**-9763,OK
595,Danielle,Murphy,08/15/1963,***-**-0413,TX
543,Deborah,Hoffman,10/20/1986,***-**-9690,MT
227,Kathy,Palmer,07/19/1972,***-**-3934,AR
572,Tim,Smith,04/22/1967,***-**-8047,NC
387,Renee,Campbell,11/09/1970,***-**-2594,MO
380,Bryan,Mcdaniel,04/19/1959,***-**-4659,FL
203,Rhonda,Flores,12/13/1974,***-**-3754,WV
636,Jonathan,Wright,06/17/1963,***-**-8490,MO
256,Sydney,King,01/12/1977,***-**-5923,FL
85,Janet,Gonzales,12/08/1972,***-**-0243,UT
520,Steve,Russell,08/19/1978,***-**-9820,WA
233,Craig,Pennington,12/25/1957,***-**-8248,ND
410,Andrew,Thomas,04/11/1963,***-**-7838,MA
485,Miguel,Woods,06/10/1992,***-**-1852,ME
630,Samuel,Anderson,03/02/1969,***-**-9480,SC
295,Cynthia,Clarke,05/29/1962,***-**-8148,MA
487,Adam,Mcgrath,06/20/1960,***-**-3185,AK
616,Courtney,Oconnell,04/03/1984,***-**-3672,SD
435,Brandon,Hudson,08/07/1966,***-**-4780,IL
349,Rachel,Lewis,02/06/1985,***-**-5213,GA
557,Manuel,Rodriguez,03/07/1981,***-**-0042,WA
425,Gregory,Wilkinson,08/23/1984,***-**-6395,NC
273,Donna,Lopez,08/03/1962,***-**-6360,NH
69,David,Scott,03/10/1992,***-**-0749,MS
571,Gregory,Maxwell,11/21/1977,***-**-7057,NV
169,Daniel,Wilkins,09/24/1975,***-**-4870,MS
495,Jonathan,Henry,06/08/1989,***-**-2026,MT
350,Heather,Shepherd,09/17/1984,***-**-2527,WA
395,Cindy,Munoz,10/30/1986,***-**-0435,NH
75,Dalton,Bowman,12/24/1977,***-**-8792,ME
244,Jon,Clark,06/18/1967,***-**-8771,TN
509,Amber,Meyer,09/04/1983,***-**-5604,LA
339,Steven,Madden,06/18/1972,***-**-9767,IN
534,Victoria,Lewis,01/04/1971,***-**-6283,WA
419,Karl,Dudley,12/14/1974,***-**-6649,TX
386,Alicia,Stone,12/24/1966,***-**-8324,CO
328,Max,Mckay,08/17/1960,***-**-4918,SC
612,Richard,Brown,06/30/1979,***-**-0117,MT
502,Heather,Case,12/22/1971,***-**-1698,AR
390,Amy,Gonzalez,10/12/1965,***-**-2150,UT
404,Brandon,Armstrong,12/12/1973,***-**-5658,AZ
159,Terrance,Ewing,01/15/1981,***-**-5340,VA
115,Jessica,Boyd,04/27/1960,***-**-9784,VA
422,Corey,Taylor,03/09/1966,***-**-4578,MS
250,Frank,Blankenship,11/17/1958,***-**-3591,MS
638,Monica,Montgomery,10/14/1975,***-**-3158,MS
414,Tammy,Patrick,09/07/1961,***-**-7381,NM
127,Corey,Sawyer,08/13/1982,***-**-9114,DE
440,Linda,Anthony,01/23/1994,***-**-7298,SD
594,Travis,Patrick,10/12/1967,***-**-7968,TN
114,Linda,Davis,08/08/1975,***-**-0620,CT
109,Anthony,Adams,02/09/1962,***-**-1396,VT
515,Christopher,Johnson,11/03/1959,***-**-5547,CT
31,Tracy,Austin,08/06/1980,***-**-1904,RI
605,Matthew,Woodward,03/26/1978,***-**-6667,ID
421,Donna,Cole,01/19/1973,***-**-3401,NY
536,Alexis,Allen,08/11/1963,***-**-6449,TN
267,Stephen,Parker,03/18/1967,***-**-9288,CO
210,Nicole,Johnson,05/01/1963,***-**-0265,PA
560,Daniel,Green,06/16/1976,***-**-7915,AK
302,Dylan,Adams,04/16/1966,***-**-4597,CO
640,Jason,Davis,06/06/1970,***-**-5627,LA
449,Jennifer,Conrad,10/08/1973,***-**-2874,WY
202,Stephen,Dawson,06/30/1985,***-**-5741,AZ
168,Douglas,Smith,04/07/1981,***-**-9028,MA
119,Diane,Gray,10/26/1968,***-**-1654,HI
613,Benjamin,Gordon,07/26/1974,***-**-3940,CO
473,Stephanie,Miller,09/08/1983,***-**-8885,LA
615,Lynn,Stout,09/17/1973,***-**-6531,ME
10,Malik,Scott,02/02/1958,***-**-4261,ID
86,David,Brown,07/28/1973,***-**-5706,OK
500,Nathan,Jenkins,01/11/1968,***-**-6468,WI
38,Maria,Bryant,07/17/1970,***-**-3505,MA
633,Michael,Griffin,09/15/1963,***-**-4120,WA
530,Nathan,Smith,04/17/1979,***-**-9334,CA
177,James,Jackson,06/01/1958,***-**-4595,CA
266,Erika,Jones,02/02/1977,***-**-1552,AL
4,Stephanie,Leon,04/06/1967,***-**-0580,DE
12,Anthony,Walker,12/25/1969,***-**-5284,RI
477,Richard,Brooks,10/17/1962,***-**-5295,KY
575,Matthew,Bishop,06/10/1973,***-**-9588,NJ
37,Anthony,Thompson,10/04/1990,***-**-1051,MA
360,Justin,Garcia,09/21/1961,***-**-6120,NC
134,Miguel,Garcia,12/21/1964,***-**-5477,OH
416,Jeffrey,Randolph,09/24/1976,***-**-2699,IN
45,Raymond,Tran,04/09/1957,***-**-8575,FL
441,Brandon,Webb,09/10/1966,***-**-8353,UT
323,Brandon,Petersen,07/06/1982,***-**-1657,TN
58,Bryce,Ball,07/03/1994,***-**-1674,AZ
639,Blake,Watkins,02/25/1973,***-**-0572,NC
484,Gregory,Morales,08/21/1960,***-**-5605,CO
50,Alyssa,Wall,08/24/1964,***-**-2643,WA
533,Cynthia,Garcia,11/11/1960,***-**-2024,ID
611,Amber,Williams,12/03/1969,***-**-7515,NM
563,Steve,Stark,07/02/1957,***-**-7390,MI
562,Charles,Baird,02/29/1968,***-**-2710,FL
559,Mackenzie,Hall,02/28/1990,***-**-6862,AL
481,Aaron,King,05/29/1964,***-**-8792,SD
195,Joshua,Perez,02/08/1984,***-**-1226,GA
186,Alexander,Valdez,10/24/1975,***-**-7833,ND
160,Ashley,Santos,06/18/1983,***-**-4884,AL
143,Joshua,Stephens,04/11/1988,***-**-9528,VT
492,Steven,Long,08/18/1994,***-**-4594,TX
6,Jack,Jackson,07/05/1975,***-**-4734,NY
88,Roberto,Leonard,01/20/1992,***-**-8779,MA
161,Michael,Park,06/05/1981,***-**-4033,NM
83,Carl,Reeves,12/11/1965,***-**-8325,LA
254,Paul,Lee,07/22/1976,***-**-7697,IN
464,Kathryn,Ramirez,08/04/1960,***-**-0099,OH
284,Daniel,Medina,10/31/1973,***-**-8215,MS
25,Jesse,Gomez,01/30/1961,***-**-3664,SC
218,Brandon,Good,08/01/1991,***-**-5586,VA
99,Sandra,Suarez,06/08/1974,***-**-7890,GA
356,Jeffrey,Stevenson,12/07/1957,***-**-3851,CT
317,Richard,Mcdonald,02/21/1957,***-**-8008,ND
229,Joanna,Castillo,03/07/1984,***-**-1576,IN
581,Angelica,Reyes,06/06/1992,***-**-7139,AR
452,Jennifer,Wright,03/06/1976,***-**-3901,NM
518,James,Porter,06/30/1957,***-**-1319,CA
479,Krystal,Brown,01/31/1961,***-**-8909,TX
245,Christopher,Reyes,02/01/1981,***-**-4713,IN
653,Luis,Lewis,07/18/1965,***-**-3601,HI
19,Lynn,Owens,03/24/1985,***-**-8776,RI
650,Anthony,Phillips,12/12/1960,***-**-3754,NJ
137,Jessica,Mcdonald,12/29/1970,***-**-2911,MS
619,Michelle,Allen,09/13/1972,***-**-8147,TN
654,Victor,Webb,01/17/1959,***-**-2267,TN
201,Martin,Melton,04/06/1972,***-**-7978,NY
165,Pamela,Miles,11/15/1962,***-**-5312,NC
310,Christopher,Compton,09/05/1958,***-**-6855,SC
141,Annette,Rice,03/15/1959,***-**-1866,FL
600,Travis,Meza,01/10/1974,***-**-4313,NJ
529,Brian,Baker,07/28/1976,***-**-2839,IL
369,Sharon,Lee,10/23/1967,***-**-7596,DE
32,Brian,Sparks,02/14/1967,***-**-8194,HI
522,Dana,Ryan,10/10/1962,***-**-3761,VA
651,Maria,Stevens,05/12/1958,***-**-9113,CA
608,Julia,Berry,06/17/1960,***-**-3759,NH
336,Sarah,Williams,09/12/1964,***-**-3882,IA
516,Trevor,Short,07/29/1980,***-**-2488,ND
514,Michael,Johnson,04/11/1962,***-**-6015,ME
426,Louis,Cross,11/13/1959,***-**-7111,CO
497,Ryan,Smith,04/24/1964,***-**-2228,OK
468,Joan,Carter,01/06/1964,***-**-8092,KY
24,Karen,Franklin,06/17/1967,***-**-4888,VT
221,Christian,Palmer,04/30/1992,***-**-6104,AL
217,Kristopher,Smith,10/20/1982,***-**-3545,HI
399,Cheryl,Velez,07/21/1963,***-**-3300,TN
285,Jeffrey,Harris,12/20/1993,***-**-9625,MS
21,Jamie,Doyle,06/11/1984,***-**-1529,NV
447,Adam,Sims,12/20/1973,***-**-6337,ID
601,Joshua,Griffith,08/01/1984,***-**-3344,HI
378,Donald,Koch,10/02/1989,***-**-5788,CT
548,Wendy,Leonard,03/18/1957,***-**-7962,HI
42,Dana,Hubbard,08/06/1980,***-**-4700,FL
344,Brett,Carson,02/27/1970,***-**-5338,OK
252,Erica,Peters,11/05/1980,***-**-0341,SC
428,William,Carter,01/31/1989,***-**-1954,VT
220,Karen,Taylor,01/29/1986,***-**-6243,AZ
118,Virginia,Cobb,12/04/1978,***-**-9307,MI
618,Tamara,Watson,08/18/1968,***-**-6329,NJ
370,John,Middleton,07/24/1983,***-**-7354,OR
23,Alex,Cruz,12/23/1964,***-**-4744,CT
511,Theresa,Crawford,01/08/1973,***-**-9276,IL
43,Glenn,Chavez,11/29/1970,***-**-5246,NE
311,Carrie,Davis,07/16/1963,***-**-7399,WI
136,Michael,Haynes,09/13/1974,***-**-3346,NE
72,Michele,Arellano,04/12/1981,***-**-5875,IN
65,Gina,Stevens,04/05/1992,***-**-2359,PA
577,Elizabeth,Hatfield,04/07/1959,***-**-7821,NM
35,Michael,Reyes,07/21/1958,***-**-1842,FL
296,Spencer,Wilson,09/18/1959,***-**-7753,IN
578,Kevin,Smith,08/26/1992,***-**-8582,IN
98,Steven,Giles,11/19/1980,***-**-2061,VA
569,Mario,Butler,05/03/1979,***-**-3035,MA
248,Billy,Romero,01/29/1958,***-**-3100,VT
433,Katie,Miller,07/09/1970,***-**-7579,MA
307,William,Salinas,04/24/1983,***-**-6013,MO
398,Kendra,Alvarado,10/07/1957,***-**-0633,CA
60,Kimberly,Wright,03/20/1979,***-**-9022,OH
282,Judy,Nelson,10/17/1968,***-**-2012,NV
436,Alexandra,Golden,04/08/1978,***-**-3418,ND
318,Patricia,Park,07/28/1965,***-**-5775,CO
494,Kylie,Chavez,01/10/1965,***-**-3816,CT
644,Randy,Edwards,06/29/1980,***-**-9087,OR
413,Glenda,Hebert,05/18/1987,***-**-7625,NY
345,Erin,Garrett,04/29/1980,***-**-5815,SD
123,Donna,Floyd,03/30/1957,***-**-1819,SD
208,Brandon,Watson,02/12/1974,***-**-3375,PA
346,Paul,Patterson,02/22/1985,***-**-4729,PA
385,Hannah,Henderson,12/21/1960,***-**-5897,PA
454,Autumn,Smith,07/24/1974,***-**-7279,CA
209,Steven,Contreras,05/31/1986,***-**-6852,DE
271,Miguel,Russell,09/25/1986,***-**-0302,UT
152,Kim,Martin,08/03/1964,***-**-3452,SC
283,Heidi,Proctor,01/31/1993,***-**-9545,OH
592,Nicholas,May,06/19/1976,***-**-8728,KS
469,Michael,Nunez,06/22/1982,***-**-9379,WV
306,Gregory,Bowen,07/05/1981,***-**-1510,OH
237,Jennifer,Juarez,06/30/1969,***-**-9009,OK
457,April,Williamson,10/25/1990,***-**-8318,KS
293,Francisco,Smith,08/12/1972,***-**-1836,ND
374,Roger,Taylor,11/02/1975,***-**-6293,GA
276,Gabriela,Williams,01/10/1976,***-**-5792,AZ
112,Stephanie,Pittman,12/05/1965,***-**-0840,MD
333,Sarah,Porter,08/09/1962,***-**-3997,AZ
546,Ernest,Cooper,09/24/1971,***-**-2003,NJ
496,Alexandra,Fisher,03/06/1976,***-**-2206,AK
504,Henry,Turner,11/20/1984,***-**-7954,OK
126,Charles,Rogers,08/31/1984,***-**-8407,NV
418,Keith,Lynch,02/26/1988,***-**-4803,IA
566,Lindsay,Bowman,08/24/1972,***-**-8895,AL
249,Jennifer,Lutz,07/05/1990,***-**-2943,RI
624,Mark,Mills,11/20/1962,***-**-7406,AR
358,Dawn,Thomas,08/05/1960,***-**-0942,NC
197,Keith,Tyler,05/10/1975,***-**-7953,MO
538,Joseph,Smith,03/12/1960,***-**-3836,LA
164,Michael,Dudley,03/10/1966,***-**-3459,SD
450,Blake,Bowman,01/17/1961,***-**-8076,ND
602,Amy,Graves,08/22/1994,***-**-9448,SC
239,Robert,Hill,10/03/1968,***-**-8902,AR
627,Robert,Davis,08/13/1988,***-**-5405,MD
459,Tammy,Horton,03/06/1981,***-**-0677,RI
394,Allison,Watkins,03/27/1992,***-**-1605,NV
554,James,Mathis,11/29/1989,***-**-3276,IA
90,Sabrina,Shelton,02/03/1958,***-**-2668,ID
364,Rachel,Coleman,10/26/1983,***-**-7638,SD
574,William,Cantrell,08/17/1973,***-**-4706,CA
607,Donna,Carroll,09/16/1968,***-**-9127,MA
157,Tammy,Harris,01/26/1961,***-**-8283,OH
241,Debra,Pena,10/16/1957,***-**-9872,MN
558,James,Reilly,03/01/1957,***-**-7935,SD
324,Robert,Krause,03/11/1957,***-**-5246,NM
183,Chad,Crawford,11/05/1990,***-**-0638,IL
381,Luke,Huerta,01/05/1986,***-**-5912,MI
505,Corey,Long,09/06/1978,***-**-9787,MO
437,Joshua,Flores,10/30/1987,***-**-5727,NE
135,Jeffery,Collins,06/01/1993,***-**-4791,KY
27,Michael,Clements,01/03/1994,***-**-6223,NC
48,Christopher,Williams,02/23/1977,***-**-6535,HI
286,Laura,Mata,10/22/1966,***-**-5794,AL
308,Jessica,Campbell,09/16/1968,***-**-2121,FL
163,Kristy,Hebert,11/12/1973,***-**-9892,WA
275,Rachel,Silva,11/19/1974,***-**-3474,ND
521,Tyrone,Dean,01/31/1986,***-**-5932,VA
53,Angela,White,02/17/1963,***-**-2921,ME
539,Teresa,Bell,05/12/1975,***-**-1580,IN
482,Edwin,Williams,07/27/1981,***-**-6206,PA
342,Hannah,Hicks,06/05/1978,***-**-9383,LA
150,Kevin,Rivera,03/14/1994,***-**-8418,DE
448,Trevor,Jones,07/28/1959,***-**-5747,OR
604,Emily,Silva,04/24/1989,***-**-5242,MN
154,Emma,Thomas,02/25/1960,***-**-2668,ND
591,Lisa,Myers,07/22/1980,***-**-7446,WI
196,Jennifer,King,02/04/1975,***-**-2581,MD
507,Dylan,Walker,11/01/1971,***-**-4143,GA
409,Andrea,Snyder,07/10/1981,***-**-3882,KY
629,Samuel,Lane,02/09/1992,***-**-2267,OK
305,Jennifer,Cameron,05/16/1962,***-**-7541,OR
297,Rodney,Cross,06/14/1985,***-**-4949,NE
133,Dustin,Brown,12/18/1990,***-**-3364,OR
125,Krista,Mack,09/30/1969,***-**-0563,SD
106,Luis,Ruiz,02/01/1977,***-**-4894,NV
335,Cassandra,Johnson,12/01/1991,***-**-0203,AL
648,Ruth,Nichols,07/21/1990,***-**-7608,NE
332,Pamela,Dean,08/15/1987,***-**-3302,CT
175,Beth,Lee,12/08/1961,***-**-1371,MN
104,Christopher,Martin,04/26/1977,***-**-9812,WY
314,Amanda,Johnson,09/03/1974,***-**-7153,MA
551,Joseph,Barnett,10/24/1959,***-**-1644,OR
124,Maria,Burns,11/24/1979,***-**-9488,WV
8,Kevin,Riley,09/05/1962,***-**-5605,WV
251,Brian,Reyes,07/15/1962,***-**-0510,WV
643,Jeffrey,Robinson,06/21/1958,***-**-6490,MO
238,David,Gardner,09/05/1961,***-**-8396,FL
303,Tracey,Downs,02/28/1974,***-**-4596,NM
519,Cody,Ramirez,10/15/1982,***-**-7950,LA
178,Heather,Gray,05/09/1981,***-**-6848,KS
458,Erika,Lewis,02/15/1960,***-**-9111,CO
207,Ronald,Maynard,11/22/1978,***-**-9020,KY
598,Ashley,Saunders,06/11/1991,***-**-5309,GA
352,Paul,Kaufman,11/02/1978,***-**-0964,IA
645,Nathan,Rosario,06/15/1964,***-**-5027,NY
146,Melissa,Nguyen,10/06/1978,***-**-1193,MN
51,Mitchell,Gill,07/27/1989,***-**-7598,KY
512,Michael,Shaw,04/18/1977,***-**-8249,OR
467,Crystal,Jones,12/20/1972,***-**-8160,MD
179,Jasmine,Harrison,12/04/1957,***-**-0602,WV
54,Chase,Grant,05/04/1985,***-**-1229,KS
570,Shawn,Kidd,04/10/1961,***-**-4240,MN
527,Chris,Robinson,01/24/1970,***-**-1013,SC
288,Carla,Smith,05/05/1969,***-**-6182,AL
382,Kimberly,Burns,01/30/1985,***-**-5610,CA
408,Lori,Sullivan,10/05/1992,***-**-4062,NY
147,Jennifer,Williams,02/25/1994,***-**-7025,ME
198,John,Lamb,03/09/1986,***-**-1494,CO
194,Joanne,Lamb,06/28/1974,***-**-6922,LA
206,David,Brown,12/27/1978,***-**-4274,DE
76,Scott,Leach,04/03/1985,***-**-5144,AR
432,Andrew,Tyler,04/08/1970,***-**-3511,IA
